"","id","pep"
"1",1,"SHKLHKV"
"2",1,"SHRLPLK"
"3",1,"SHRLPAK"
"4",1,"SHRLPVK"
"5",2,"HAPRWHL"
"7",2,"HAPRYHY"
"8",2,"HSPRWHL"
"9",2,"HSPRYHM"
"10",3,"HMSEYPW"
"11",3,"CMTCLVK"
"12",3,"IRPMVYS"
"13",3,"IRPMVDP"
"14",3,"IVPMVTL"
"15",3,"IRPMVST"
"16",3,"IRPMVYV"
"17",3,"IRPMLPG"
"18",3,"IRPMLPA"
"19",3,"IVPMMPE"
"20",3,"MPHWWYP"
"21",4,"YHWDPLP"
"22",4,"HPSYPRH"
"23",4,"HPSDPRH"
"24",4,"HHRDPCH"
"25",5,"MMELGRV"
"26",5,"QVWPSSH"
"27",5,"VNPTYGN"
"28",9,"HPTLLRI"
"30",9,"PVQMPWL"
"32",9,"ITNDFKQ"
"34",10,"ALWGPTS"
"35",10,"LGTLPSA"
"36",10,"SPKMPIL"
"37",10,"FSYLPSH"
"38",10,"STLFMNF"
"40",11,"WGANSPL"
"42",11,"FGSNVHF"
"43",11,"WGQNSFP"
"44",11,"MWGENTP"
"45",11,"APHWGQN"
"46",12,"WGSNPAM"
"47",12,"FGENRPA"
"48",12,"WGSNVTS"
"49",12,"WGTNSEV"
"50",12,"WGANTNL"
"51",12,"PYGLLTP"
"52",13,"AKIHFYS"
"53",13,"DKIHFKS"
"54",13,"VNKPHFH"
"55",13,"AYIHFLP"
"56",13,"SEIHLMG"
"57",13,"AKIHFHS"
"58",13,"HKPHFPS"
"59",13,"ALQIHTM"
"60",13,"AQIHFLP"
"61",13,"DNPHYTT"
"62",13,"GKPHFTT"
"63",13,"SFHIYFL"
"64",13,"SKIHFHT"
"65",13,"RKPHFTG"
"66",13,"LKLHFNT"
"67",13,"RKIHFHP"
"68",14,"GKIHFFR"
"69",14,"GYKPTFS"
"70",14,"SKIHFHP"
"71",14,"NKIHFYP"
"72",14,"SKIHFLS"
"73",14,"GKIHFHP"
"74",14,"SKIHFPE"
"75",14,"CKIHFFR"
"76",14,"DKIHFYP"
"77",14,"RYYPYFP"
"78",14,"AKIHFPP"
"79",14,"EKPHFLV"
"80",14,"AKIHFLP"
"81",14,"HKIHFLP"
"82",14,"RKLHFLP"
"83",14,"SKIHFYH"
"84",15,"MSPRATI"
"85",15,"KLMTHWP"
"86",15,"GLSLPPG"
"87",15,"LPDTLSS"
"88",15,"QPPLTLN"
"89",16,"KHLPLYR"
"90",16,"KHNWPPP"
"91",16,"FHEPKYR"
"92",16,"GHIAKYR"
"93",16,"GHLWKYV"
"95",17,"AFHGPVH"
"96",17,"GTTVIAR"
"97",17,"YQDSAKT"
"98",17,"DWPLQKL"
"99",17,"NSFAPQT"
"100",17,"KTGHTSS"
"101",17,"KGHSLMP"
"103",17,"KVSMNSS"
"104",17,"NRLGSTG"
"105",17,"LVQPHTR"
"106",17,"STEIELY"
"107",17,"QHSEGAL"
"108",17,"NTPNLWN"
"109",17,"STSVLYN"
"110",17,"SYNQAYP"
"111",17,"NNVQLPN"
"112",17,"THDHLPN"
"114",17,"QLPGRSG"
"116",17,"HYRFDLT"
"118",18,"FDYSKHV"
"119",18,"AYDTEYV"
"120",20,"NHLNGSY"
"122",20,"NHKKGQQ"
"124",21,"WHVPFSL"
"125",21,"TWAWRTP"
"126",21,"WHPLLSP"
"127",21,"WHLPRVI"
"128",21,"WHLPWLE"
"129",21,"RNVPPML"
"130",22,"YVTKIAS"
"131",22,"EFNAARL"
"132",22,"EFNPSNL"
"133",22,"FKASLLH"
"134",23,"TENPFPE"
"135",23,"QFNPFPE"
"136",23,"WENPYPE"
"137",23,"YYNPYPE"
"138",23,"TYNPFPE"
"139",23,"AFNPFPE"
"140",26,"HDIYPRH"
"141",26,"MPHIHRH"
"142",26,"HPRPRNN"
"143",26,"QGHIGNE"
"147",26,"RQGGQYP"
"148",26,"QRATPFP"
"149",27,"ATWLPPR"
"150",27,"NPRALNY"
"151",27,"ANLFKAK"
"152",27,"YHSSFQA"
"153",27,"ILDNYKL"
"155",27,"YAIMPLV"
"156",28,"MVLWGMH"
"157",28,"QWIFGMS"
"158",28,"EQWLGMS"
"159",28,"EALYGMS"
"160",28,"QWLYGMS"
"161",28,"AIAPFFA"
"162",28,"PHLPMQS"
"163",28,"SIASLSR"
"164",28,"SDSSTLN"
"165",28,"HTTQHRL"
"166",29,"LPPSIPR"
"167",29,"NLRPSIP"
"168",29,"LLPSIPF"
"169",29,"LIPSITW"
"170",30,"WLQDITL"
"171",30,"IDQDITV"
"172",30,"QQDITVH"
"173",30,"QDITLRP"
"174",30,"HIRRILL"
"175",30,"YPMIISP"
"176",30,"ENGADVD"
"177",30,"VHPPPFL"
"178",31,"IQDITLS"
"179",31,"RQDITLV"
"180",31,"GHTQDIT"
"181",31,"QDITLFN"
"182",31,"QDITMFV"
"183",31,"MQNITLF"
"184",31,"QNITLSQ"
"185",32,"LTLPEVA"
"186",32,"APLPEVL"
"187",32,"HLPEVSP"
"188",32,"FLPEVLL"
"189",32,"YLPEVIS"
"190",32,"YLPEVLP"
"191",32,"YLPEVQP"
"192",32,"FLPDVAS"
"193",32,"FLPDVLS"
"194",32,"YLPQVAS"
"195",32,"LTDVRTP"
"196",32,"TTNDFTR"
"197",33,"ILPEVVS"
"198",33,"TLPEVLS"
"199",33,"QLPEVSS"
"200",33,"ALPEVLS"
"201",33,"MLPEVLP"
"202",33,"LELPEVM"
"203",33,"VLQEVSS"
"204",33,"AFPSPTL"
"205",33,"AYTSAHK"
"207",34,"SPAPSDS"
"208",34,"SSQSDPA"
"209",34,"SKPTQLH"
"210",34,"GTATSPH"
"211",34,"SHLGFDD"
"212",34,"TSDTGWR"
"223",36,"YLCKFGC"
"224",36,"SPDELHK"
"225",36,"REPLVYW"
"226",36,"AEPIIYW"
"227",36,"KQPIVFW"
"228",37,"AHPWWLG"
"229",37,"SHPWYLG"
"230",38,"AWPDKQP"
"231",38,"SWPDKMP"
"232",38,"ILSDKMA"
"233",39,"GALTPLR"
"234",39,"SYTPLRP"
"235",39,"GFTPHRS"
"236",39,"AIETLIR"
"237",39,"NYYTPHR"
"238",39,"HTQTRHR"
"239",39,"NDLTPLR"
"240",39,"SPFTPHR"
"241",39,"SYTPHRT"
"246",41,"VPQQKFR"
"247",41,"HSQISSY"
"248",41,"QPTHQLT"
"249",41,"QHQLPSD"
"250",41,"SLLSTPQ"
"251",41,"LRPTLSC"
"252",41,"LPMRPIV"
"253",42,"DHQRFFV"
"254",42,"AHQASFV"
"255",43,"SHVPNAF"
"256",43,"SHAPNAF"
"257",43,"SHVPDAF"
"258",43,"SHVHNAF"
"259",43,"SHAPSAF"
"260",43,"SHVPHAF"
"261",44,"VVSTGSH"
"262",44,"IPMKGHW"
"263",44,"LPMKYQA"
"265",44,"ALSSDPH"
"266",44,"DPRLSAL"
"267",44,"KPSTLML"
"268",44,"YHWYTSP"
"269",44,"LFMPATP"
"270",44,"ALLPWTD"
"271",44,"SPPPPPI"
"272",44,"SHAPYTH"
"274",45,"MELQTRS"
"276",45,"NTLQPSP"
"277",45,"YMTPFSP"
"278",45,"LHAQSRS"
"279",45,"YHLQPTP"
"280",45,"HFMEPVN"
"281",45,"LSTPSLL"
"282",45,"ITAARLP"
"283",45,"SIDNPLP"
"284",45,"SIITGYL"
"285",45,"AYSMLGH"
"289",47,"SEPVAML"
"291",47,"NLPRLYE"
"292",47,"TYWYMTP"
"293",48,"SWGPFPF"
"294",48,"SWGPLPF"
"298",50,"DTLPLFI"
"303",50,"QRNQTQD"
"304",50,"QWNRTQY"
"305",50,"NTAPHPH"
"306",51,"QEINSSY"
"307",51,"SHPRLSA"
"308",51,"SMPNPMV"
"309",51,"GLQQVLL"
"310",51,"HELSVLL"
"311",51,"YAPQRLP"
"312",51,"TPRTLPT"
"314",51,"APPHALS"
"315",51,"TFSNRFI"
"316",51,"VVPTPPY"
"317",51,"ELAPDSP"
"318",52,"GPGTWRA"
"319",52,"GPGTWRT"
"320",52,"GPGTYRA"
"321",52,"GHGTFRA"
"322",52,"GEGTWRA"
"323",52,"GPLTWRA"
"324",52,"GPSTWRA"
"325",52,"GPNTWRS"
"326",52,"GPYTWRS"
"329",57,"IWAADWV"
"331",57,"VWSVEWV"
"332",57,"PWMGPEW"
"333",58,"LWKFMGR"
"334",58,"IWRWAYF"
"335",59,"IWLQRRH"
"336",59,"LYLQRLR"
"337",59,"MWLQSVH"
"338",59,"YWLQTVR"
"339",59,"LWLMKAR"
"340",60,"ISLLQAR"
"341",60,"IDLMQAR"
"342",60,"IILLQAR"
"343",60,"IELLQAR"
"344",60,"ISLLGAR"
"345",60,"FSLLDAR"
"346",60,"IFLLWQR"
"347",60,"FAQLDWH"
"348",62,"NALWMPT"
"349",62,"SANMPTN"
"350",62,"YLGLTPM"
"351",62,"NRLWMPS"
"352",62,"NKVWPPS"
"353",62,"TSYTGPA"
"354",62,"NKAWFPN"
"355",64,"GWSLSTV"
"356",64,"WRDNAIA"
"357",64,"WNLNTTN"
"358",64,"WNLNHIF"
"359",64,"WSQTTVS"
"360",64,"WGENTIW"
"361",64,"FNLNTAM"
"362",64,"WNSNAIS"
"363",64,"AWNFNSQ"
"364",64,"WNFTARE"
"365",64,"WNQNTAS"
"366",64,"WTYTTFE"
"368",64,"WNQNTVS"
"370",65,"APAIPAS"
"371",65,"APALPAS"
"372",65,"APSIPAS"
"373",66,"GMVQTIF"
"374",66,"CMTCLLA"
"375",66,"GMVQTIW"
"376",66,"AAISGWW"
"377",66,"CMTCLLR"
"378",66,"CMTCLIR"
"379",67,"ADGIVGW"
"380",67,"LAAGAVW"
"381",67,"SAGFAME"
"382",67,"VSLCSSR"
"383",67,"SVTDYVE"
"384",67,"RMGIRAL"
"385",67,"DDDGLDG"
"386",67,"SAARVFM"
"387",67,"QLYGARE"
"388",67,"NRSREMG"
"389",67,"IVPACRG"
"390",67,"RLVYVPS"
"392",67,"AFHSGLT"
"393",67,"CSWTLER"
"394",67,"GGGVGLL"
"395",67,"WHAQVGF"
"396",67,"ERRMGSC"
"397",67,"SGVGATH"
"398",67,"RLRWWGR"
"402",68,"VTPHTGF"
"403",68,"GAHVAGG"
"404",68,"LTACTGF"
"405",68,"LGWAVLD"
"406",68,"GTASVGF"
"407",68,"SLGWAVP"
"408",68,"GVGWAVP"
"409",68,"AVGWAVP"
"410",68,"GPGMALE"
"411",68,"PASLVGF"
"412",68,"SAGWALP"
"413",68,"EVGWAVH"
"414",68,"LNSMVGF"
"415",68,"VGWAVLE"
"416",68,"QMPNLGF"
"417",68,"LVGWALS"
"418",68,"SAGWALE"
"424",69,"SAGVAME"
"425",69,"ADGIVGG"
"430",69,"AGWAVLE"
"435",69,"GVGFALD"
"436",69,"GVGFALE"
"437",69,"RVSAEVW"
"438",69,"LAGWALD"
"439",70,"KHRFNKD"
"440",70,"PIISRAT"
"441",70,"WSMRGTT"
"442",70,"PGPSTTS"
"443",70,"SKPLHKM"
"444",70,"HRRPSRS"
"446",70,"WTDPHPP"
"447",70,"HLAPAQY"
